{
  "total_negatives": 1000,
  "selected_negatives": 533,
  "selection_percentage": 53.300000000000004,
  "quality_percentile": 0.5,
  "score_threshold": 0.65,
  "score_stats": {
    "mean": 0.6639299999999998,
    "std": 0.14514517636567265,
    "min": 0.05,
    "max": 0.95,
    "median": 0.65
  },
  "breakdown": {
    "hard_gt_0.6": 534,
    "medium_0.4_0.6": 451,
    "easy_lt_0.4": 15
  },
  "timestamp": "2025-11-06T00:09:57.408401"
}