model,precision_at_1,precision_at_5,precision_at_10,recall_at_1,recall_at_5,recall_at_10,ndcg_at_1,ndcg_at_5,ndcg_at_10,mrr,map,method_type,negative_sampling
pretrain_ance,0.7589227149848592,0.45272706621549186,0.20976587458698737,0.16852454325300043,0.5549753611633954,0.8485451904112271,0.7313118071981135,0.6560152791708487,0.6929470159889064,0.6885154027654505,0.35962988735199597,ANCE,Hard Negatives
pretrain_dpr_base,0.7922616794509636,0.44232131684160847,0.2793371506500071,0.2948161858251842,0.4261090329191478,0.5422323680441496,0.49897941541643903,0.5314817645876875,0.7003039779310014,0.7106092000038204,0.5100649232265252,DPR-Base,Random
pretrain_dpr_bm,0.6236585893180826,0.5404793810899666,0.16013612493993443,0.21396424995611807,0.4101469762765344,0.3819707164164121,0.4442577189203617,0.6623093624196204,0.4681488915622629,0.5896732381671619,0.5496786297615337,DPR-BM25,Hard Negatives
pretrain_ict_p,0.4992005103035905,0.527655929275,0.23013366542612723,0.3685419626041516,0.295270933720142,0.739175959894227,0.4887821018695534,0.7060689628222692,0.46694880549126727,0.7357257870602665,0.4666626008401523,ICT-Passage,Clustering
pretrain_ict_q,0.47636874251276,0.2249342384445297,0.3740388486293388,0.30734001231938846,0.2024831412676552,0.4858070397775397,0.7067608024114889,0.5204402926125039,0.4883401205887129,0.581213881052288,0.5646741444187613,ICT-Query,Clustering
pretrain_tas_p,0.5606541277427775,0.4426455052750611,0.4716433807810355,0.15527482512955681,0.49315101522256305,0.5767552733007197,0.5523251537288928,0.4542470398473984,0.53503453779741,0.508780149435791,0.29506331405992403,TAS-Passage,Clustering
pretrain_tas_q,0.5699163744826719,0.49756970831773106,0.4874903860903135,0.18340709438197889,0.36891250364702777,0.562779876212059,0.4838285779606535,0.4891753356646097,0.5388093680977635,0.5807440863140688,0.5910349653356334,TAS-Query,Clustering
