{
  "pretrain_ance": {
    "precision_at_1": 0.7589227149848592,
    "precision_at_5": 0.45272706621549186,
    "precision_at_10": 0.20976587458698737,
    "recall_at_1": 0.16852454325300043,
    "recall_at_5": 0.5549753611633954,
    "recall_at_10": 0.8485451904112271,
    "ndcg_at_1": 0.7313118071981135,
    "ndcg_at_5": 0.6560152791708487,
    "ndcg_at_10": 0.6929470159889064,
    "mrr": 0.6885154027654505,
    "map": 0.35962988735199597
  },
  "pretrain_dpr_base": {
    "precision_at_1": 0.7922616794509636,
    "precision_at_5": 0.44232131684160847,
    "precision_at_10": 0.2793371506500071,
    "recall_at_1": 0.2948161858251842,
    "recall_at_5": 0.4261090329191478,
    "recall_at_10": 0.5422323680441496,
    "ndcg_at_1": 0.49897941541643903,
    "ndcg_at_5": 0.5314817645876875,
    "ndcg_at_10": 0.7003039779310014,
    "mrr": 0.7106092000038204,
    "map": 0.5100649232265252
  },
  "pretrain_dpr_bm": {
    "precision_at_1": 0.6236585893180826,
    "precision_at_5": 0.5404793810899666,
    "precision_at_10": 0.16013612493993443,
    "recall_at_1": 0.21396424995611807,
    "recall_at_5": 0.4101469762765344,
    "recall_at_10": 0.3819707164164121,
    "ndcg_at_1": 0.4442577189203617,
    "ndcg_at_5": 0.6623093624196204,
    "ndcg_at_10": 0.4681488915622629,
    "mrr": 0.5896732381671619,
    "map": 0.5496786297615337
  },
  "pretrain_ict_p": {
    "precision_at_1": 0.4992005103035905,
    "precision_at_5": 0.527655929275,
    "precision_at_10": 0.23013366542612723,
    "recall_at_1": 0.3685419626041516,
    "recall_at_5": 0.295270933720142,
    "recall_at_10": 0.739175959894227,
    "ndcg_at_1": 0.4887821018695534,
    "ndcg_at_5": 0.7060689628222692,
    "ndcg_at_10": 0.46694880549126727,
    "mrr": 0.7357257870602665,
    "map": 0.4666626008401523
  },
  "pretrain_ict_q": {
    "precision_at_1": 0.47636874251276,
    "precision_at_5": 0.2249342384445297,
    "precision_at_10": 0.3740388486293388,
    "recall_at_1": 0.30734001231938846,
    "recall_at_5": 0.2024831412676552,
    "recall_at_10": 0.4858070397775397,
    "ndcg_at_1": 0.7067608024114889,
    "ndcg_at_5": 0.5204402926125039,
    "ndcg_at_10": 0.4883401205887129,
    "mrr": 0.581213881052288,
    "map": 0.5646741444187613
  },
  "pretrain_tas_p": {
    "precision_at_1": 0.5606541277427775,
    "precision_at_5": 0.4426455052750611,
    "precision_at_10": 0.4716433807810355,
    "recall_at_1": 0.15527482512955681,
    "recall_at_5": 0.49315101522256305,
    "recall_at_10": 0.5767552733007197,
    "ndcg_at_1": 0.5523251537288928,
    "ndcg_at_5": 0.4542470398473984,
    "ndcg_at_10": 0.53503453779741,
    "mrr": 0.508780149435791,
    "map": 0.29506331405992403
  },
  "pretrain_tas_q": {
    "precision_at_1": 0.5699163744826719,
    "precision_at_5": 0.49756970831773106,
    "precision_at_10": 0.4874903860903135,
    "recall_at_1": 0.18340709438197889,
    "recall_at_5": 0.36891250364702777,
    "recall_at_10": 0.562779876212059,
    "ndcg_at_1": 0.4838285779606535,
    "ndcg_at_5": 0.4891753356646097,
    "ndcg_at_10": 0.5388093680977635,
    "mrr": 0.5807440863140688,
    "map": 0.5910349653356334
  }
}