{
  "MRR@10": 0.10002380952380953,
  "nDCG@10": 0.15375134625560563,
  "Recall@1": 0.04,
  "Recall@5": 0.14,
  "Recall@10": 0.34
}