{
  "BM25": {
    "MRR@10": 0.02592989417989418,
    "nDCG@10": 0.03456402079337528,
    "Recall@1": 0.013333333333333334,
    "Recall@5": 0.04,
    "Recall@10": 0.06333333333333334
  },
  "LLM-Enhanced": {
    "MRR@10": 0.07127645502645502,
    "nDCG@10": 0.11286728205510296,
    "Recall@1": 0.01,
    "Recall@5": 0.15,
    "Recall@10": 0.25
  },
  "Improvement %": {
    "MRR@10": 174.88139570473905,
    "nDCG@10": 226.54557966455013,
    "Recall@1": -25.000000000000007,
    "Recall@5": 274.99999999999994,
    "Recall@10": 294.7368421052631
  },
  "Average Improvement %": 189.23276349491044
}