{
  "Phase 2 (BM25)": {
    "MRR@10": 0.02592989417989418,
    "nDCG@10": 0.03456402079337528,
    "Recall@1": 0.013333333333333334,
    "Recall@5": 0.04,
    "Recall@10": 0.06333333333333334
  },
  "Phase 3 (LLM)": {
    "MRR@10": 0.07127645502645502,
    "nDCG@10": 0.11286728205510296,
    "Recall@1": 0.01,
    "Recall@5": 0.15,
    "Recall@10": 0.25
  },
  "Phase 4 (RAG)": {
    "MRR@10": 0.12365343915343914,
    "nDCG@10": 0.16623454397629978,
    "Recall@1": 0.06333333333333334,
    "Recall@5": 0.2,
    "Recall@10": 0.30666666666666664
  },
  "Improvements": {
    "Phase 3 vs Phase 2": {
      "MRR@10": 174.88139570473905,
      "nDCG@10": 226.54557966455013,
      "Recall@1": -25.000000000000007,
      "Recall@5": 274.99999999999994,
      "Recall@10": 294.7368421052631,
      "Average": 189.23276349491044
    },
    "Phase 4 vs Phase 2": {
      "MRR@10": 376.8759883691271,
      "nDCG@10": 380.9467769101711,
      "Recall@1": 375.0,
      "Recall@5": 400.0,
      "Recall@10": 384.21052631578937,
      "Average": 383.40665831901754
    },
    "Phase 4 vs Phase 3": {
      "MRR@10": 73.48427206087037,
      "nDCG@10": 47.28319930229415,
      "Recall@1": 533.3333333333334,
      "Recall@5": 33.33333333333335,
      "Recall@10": 22.666666666666657,
      "Average": 142.0201609392996
    }
  },
  "Ranking": {
    "1st": "Phase 4 (RAG)",
    "2nd": "Phase 3 (LLM)",
    "3rd": "Phase 2 (BM25)"
  },
  "Evaluation Time (minutes)": 19.528230953216553,
  "timestamp": "2025-11-06T00:58:34.279861"
}